<?xml version="1.0" encoding="UTF-8"?>
<project-private xmlns="http://www.netbeans.org/ns/project-private/1">
    <editor-bookmarks xmlns="http://www.netbeans.org/ns/editor-bookmarks/2" lastBookmarkId="0"/>
    <open-files xmlns="http://www.netbeans.org/ns/projectui-open-files/2">
        <group>
            <file>file:/C:/Users/HP/Documents/NetBeansProjects/joel_UrielesAjedrez/src/Lector/LectorPNG.java</file>
            <file>file:/C:/Users/HP/Documents/NetBeansProjects/joel_UrielesAjedrez/src/Jugabilidad/Movimiento.java</file>
            <file>file:/C:/Users/HP/Documents/NetBeansProjects/joel_UrielesAjedrez/src/GUI/InterfazGrafica.java</file>
            <file>file:/C:/Users/HP/Documents/NetBeansProjects/joel_UrielesAjedrez/src/Jugabilidad/Tablero.java</file>
            <file>file:/C:/Users/HP/Documents/NetBeansProjects/joel_UrielesAjedrez/src/Jugabilidad/Pieza.java</file>
        </group>
    </open-files>
</project-private>
